category,image_auc,au_pro_03
bottle,1.0,0.9553307908998031
cable,0.9981259370314843,0.9480158264334093
capsule,0.9756681292381333,0.9611929795991513
carpet,0.9851524879614768,0.9388677588313438
grid,0.9791144527986633,0.8593060218187245
hazelnut,0.9999999999999999,0.9638969549988047
leather,1.0,0.9692311337934312
metal_nut,0.9990224828934507,0.947848937088307
pill,0.969721767594108,0.9632169538278748
screw,0.9805287968846075,0.9609369456683768
tile,0.9913419913419913,0.7931165869407515
toothbrush,1.0,0.915059211955717
transistor,1.0,0.9180906471571112
wood,0.9912280701754386,0.8634516293253884
zipper,0.9944852941176471,0.923633217780477
