category,image_auroc,aupro_fpr_0.3,runtime_seconds,runtime
bottle,1.000000,0.957444,,
cable,0.933846,0.914445,7569.606,2h 06m 09.6s
capsule,0.976865,0.970248,7481.771,2h 04m 41.8s
carpet,0.994382,0.929671,7393.497,2h 03m 13.5s
grid,1.000000,0.890507,7292.647,2h 01m 32.6s
hazelnut,1.000000,0.951261,7312.858,2h 01m 52.9s
leather,1.000000,0.982097,7323.772,2h 02m 03.8s
metal_nut,0.996579,0.942391,7317.640,2h 01m 57.6s
pill,0.991271,0.964890,7314.036,2h 01m 54.0s
screw,0.964952,0.965948,7170.156,1h 59m 30.2s
tile,0.999639,0.884586,7204.294,2h 00m 04.3s
toothbrush,1.000000,0.932548,7606.523,2h 06m 46.5s
transistor,1.000000,0.912075,7285.235,2h 01m 25.2s
wood,0.995614,0.903694,7155.184,1h 59m 15.2s
zipper,0.997637,0.940856,7427.607,2h 03m 47.6s
Mean,0.990052,0.936177,,
